Loan_ID,Gender,Married,Dependents,Education,Self_Employed,ApplicantIncome,CoapplicantIncome,LoanAmount,Loan_Amount_Term,Credit_History,Property_Area,TotalIncome,Loan_Status,EMI,LogTotalIncome,LogLoanAmount,pred_proba_1,pred_label_threshold,pred_label_threshold_str
LP001015,Male,Yes,0,Graduate,No,5720,0,110.0,360.0,1.0,Urban,5720,Y,0.3055555555555556,8.651898894268529,4.709530201312334,0.8743458,1,Y
LP001022,Male,Yes,1,Graduate,No,3076,1500,126.0,360.0,1.0,Urban,4576,Y,0.35,8.428799040653642,4.844187086458591,0.6835699,0,N
LP001031,Male,Yes,2,Graduate,No,5000,1800,208.0,360.0,1.0,Urban,6800,Y,0.5777777777777777,8.824824939175638,5.342334251964811,0.819221,0,N
LP001035,Male,Yes,2,Graduate,No,2340,2546,100.0,360.0,0.0,Urban,4886,N,0.2777777777777778,8.494333897270154,4.61512051684126,0.21174957,0,N
LP001051,Male,No,0,Not Graduate,No,3276,0,78.0,360.0,1.0,Urban,3276,Y,0.2166666666666666,8.094683648698815,4.3694478524670215,0.8772562,1,Y
LP001054,Male,Yes,0,Not Graduate,Yes,2165,3422,152.0,360.0,1.0,Urban,5587,Y,0.4222222222222222,8.628376720376853,5.030437921392435,0.64642763,0,N
LP001055,Female,No,1,Not Graduate,No,2226,0,59.0,360.0,1.0,Semiurban,2226,Y,0.1638888888888889,7.708410667257367,4.0943445622221,0.8639067,1,Y
LP001056,Male,Yes,2,Not Graduate,No,3881,0,147.0,360.0,0.0,Rural,3881,N,0.4083333333333333,8.264105763728956,4.997212273764115,0.39624313,0,N
LP001059,Male,Yes,2,Graduate,,13633,0,280.0,240.0,1.0,Urban,13633,Y,1.1666666666666667,9.52032195192273,5.638354669333745,0.8516565,0,N
LP001067,Male,No,0,Not Graduate,No,2400,2400,123.0,360.0,1.0,Semiurban,4800,Y,0.3416666666666667,8.476579508530941,4.820281565605037,0.7606159,0,N
LP001078,Male,No,0,Not Graduate,No,3091,0,90.0,360.0,1.0,Urban,3091,Y,0.25,8.036573409707312,4.51085950651685,0.78270954,0,N
LP001082,Male,Yes,1,Graduate,,2185,1516,162.0,360.0,1.0,Semiurban,3701,Y,0.45,8.216628493133443,5.093750200806762,0.7732244,0,N
LP001083,Male,No,3,Graduate,No,4166,0,40.0,180.0,0.0,Urban,4166,N,0.2222222222222222,8.334951631422454,3.713572066704308,0.8385793,0,N
LP001094,Male,Yes,2,Graduate,,12173,0,166.0,360.0,0.0,Semiurban,12173,N,0.4611111111111111,9.40705780905387,5.117993812416755,0.41285315,0,N
LP001096,Female,No,0,Graduate,No,4666,0,124.0,360.0,1.0,Semiurban,4666,Y,0.3444444444444444,8.448271745949816,4.8283137373023015,0.56556535,0,N
LP001099,Male,No,1,Graduate,No,5667,0,131.0,360.0,1.0,Urban,5667,Y,0.3638888888888889,8.64259160081057,4.882801922586371,0.8668355,1,Y
LP001105,Male,Yes,2,Graduate,No,4583,2916,200.0,360.0,1.0,Urban,7499,Y,0.5555555555555556,8.922658299524402,5.303304908059076,0.83021295,0,N
LP001107,Male,Yes,3,Graduate,No,3786,333,126.0,360.0,1.0,Semiurban,4119,Y,0.35,8.323608442343572,4.844187086458591,0.5630503,0,N
LP001108,Male,Yes,0,Graduate,No,9226,7916,300.0,360.0,1.0,Urban,17142,Y,0.8333333333333334,9.74934520600748,5.707110264748875,0.84104455,0,N
LP001115,Male,No,0,Graduate,No,1300,3470,100.0,180.0,1.0,Semiurban,4770,Y,0.5555555555555556,8.470311205516108,4.61512051684126,0.5454068,0,N
LP001121,Male,Yes,1,Not Graduate,No,1888,1620,48.0,360.0,1.0,Urban,3508,Y,0.1333333333333333,8.163086375583216,3.8918202981106265,0.71358335,0,N
LP001124,Female,No,3,Not Graduate,No,2083,0,28.0,180.0,1.0,Urban,2083,Y,0.1555555555555555,7.642044402873258,3.367295829986474,0.8549462,0,N
LP001128,,No,0,Graduate,No,3909,0,101.0,360.0,1.0,Urban,3909,Y,0.2805555555555555,8.271292652979412,4.624972813284271,0.894097,1,Y
LP001135,Female,No,0,Not Graduate,No,3765,0,125.0,360.0,1.0,Urban,3765,Y,0.3472222222222222,8.233768709217097,4.836281906951478,0.7911251,0,N
LP001149,Male,Yes,0,Graduate,No,5400,4380,290.0,360.0,1.0,Urban,9780,Y,0.8055555555555556,9.188197007290492,5.673323267171493,0.85304123,0,N
LP001153,Male,No,0,Graduate,No,0,24000,148.0,360.0,0.0,Rural,24000,N,0.4111111111111111,10.085850775128716,5.003946305945459,0.25628078,0,N
LP001163,Male,Yes,2,Graduate,No,4363,1250,140.0,360.0,0.0,Urban,5613,N,0.3888888888888889,8.633018756921828,4.948759890378168,0.4569693,0,N
LP001169,Male,Yes,0,Graduate,No,7500,3750,275.0,360.0,1.0,Urban,11250,Y,0.7638888888888888,9.328212292571072,5.62040086571715,0.8426001,0,N
LP001174,Male,Yes,0,Graduate,No,3772,833,57.0,360.0,0.0,Semiurban,4605,N,0.1583333333333333,8.43511508038063,4.060443010546419,0.3325801,0,N
LP001176,Male,No,0,Graduate,No,2942,2382,125.0,180.0,1.0,Urban,5324,Y,0.6944444444444444,8.580167990577626,4.836281906951478,0.6210845,0,N
LP001177,Female,No,0,Not Graduate,No,2478,0,75.0,360.0,1.0,Semiurban,2478,Y,0.2083333333333333,7.8156105320351905,4.330733340286331,0.86419004,1,Y
LP001183,Male,Yes,2,Graduate,No,6250,820,192.0,360.0,1.0,Urban,7070,Y,0.5333333333333333,8.863757191604241,5.262690188904886,0.7444231,0,N
LP001185,Male,No,0,Graduate,No,3268,1683,152.0,360.0,1.0,Semiurban,4951,Y,0.4222222222222222,8.507546814364431,5.030437921392435,0.53505677,0,N
LP001187,Male,Yes,0,Graduate,No,2783,2708,158.0,360.0,1.0,Urban,5491,Y,0.4388888888888889,8.61104776688786,5.068904202220232,0.4831532,0,N
LP001190,Male,Yes,0,Graduate,No,2740,1541,101.0,360.0,1.0,Urban,4281,Y,0.2805555555555555,8.362175469149628,4.624972813284271,0.38788015,0,N
LP001203,Male,No,0,Graduate,No,3150,0,176.0,360.0,0.0,Semiurban,3150,N,0.4888888888888889,8.055475141757274,5.176149732573829,0.2682116,0,N
LP001208,Male,Yes,2,Graduate,,7350,4029,185.0,180.0,1.0,Urban,11379,Y,1.0277777777777777,9.339612707680322,5.225746673713202,0.8149388,0,N
LP001210,Male,Yes,0,Graduate,Yes,2267,2792,90.0,360.0,1.0,Urban,5059,Y,0.25,8.52912176228151,4.51085950651685,0.72841007,0,N
LP001211,Male,No,0,Graduate,Yes,5833,0,116.0,360.0,1.0,Urban,5833,Y,0.3222222222222222,8.671458150427666,4.762173934797756,0.8661764,1,Y
LP001219,Male,No,0,Graduate,No,3643,1963,138.0,360.0,1.0,Urban,5606,Y,0.3833333333333333,8.631771096123673,4.934473933130692,0.6537902,0,N
LP001220,Male,Yes,0,Graduate,No,5629,818,100.0,360.0,1.0,Urban,6447,Y,0.2777777777777778,8.771525284186465,4.61512051684126,0.5423443,0,N
LP001221,Female,No,0,Graduate,No,3644,0,110.0,360.0,1.0,Urban,3644,Y,0.3055555555555556,8.201111644442758,4.709530201312334,0.8919561,1,Y
LP001226,Male,Yes,0,Not Graduate,No,1750,2024,90.0,360.0,1.0,Semiurban,3774,Y,0.25,8.236155661683124,4.51085950651685,0.77522707,0,N
LP001230,Male,No,0,Graduate,No,6500,2600,200.0,360.0,1.0,Semiurban,9100,Y,0.5555555555555556,9.116139576577355,5.303304908059076,0.76089996,0,N
LP001231,Female,No,0,Graduate,No,3666,0,84.0,360.0,1.0,Urban,3666,Y,0.2333333333333333,8.207129168071326,4.442651256490317,0.8813062,1,Y
LP001232,Male,Yes,0,Graduate,No,4260,3900,185.0,360.0,0.0,Urban,8160,N,,9.007121989469242,5.225746673713202,0.63545215,0,N
LP001237,Male,Yes,0,Not Graduate,No,4163,1475,162.0,360.0,1.0,Urban,5638,Y,0.45,8.637462023807181,5.093750200806762,0.8133266,0,N
LP001242,Male,No,0,Not Graduate,No,2356,1902,108.0,360.0,1.0,Semiurban,4258,Y,0.3,8.356789669923213,4.691347882229144,0.7825617,0,N
LP001268,Male,No,0,Graduate,No,6792,3338,187.0,360.0,1.0,Urban,10130,Y,,9.223355309053677,5.236441962829949,0.6597184,0,N
LP001270,Male,Yes,3,Not Graduate,Yes,8000,250,187.0,360.0,1.0,Semiurban,8250,Y,0.5194444444444445,9.018089684104345,5.236441962829949,0.6274645,0,N
LP001284,Male,Yes,1,Graduate,No,2419,1707,124.0,360.0,1.0,Urban,4126,Y,0.3444444444444444,8.325306029752582,4.8283137373023015,0.666973,0,N
LP001287,,Yes,3,Not Graduate,No,3500,833,120.0,360.0,1.0,Semiurban,4333,Y,0.3333333333333333,8.374246182096304,4.795790545596741,0.70496994,0,N
LP001291,Male,Yes,1,Graduate,No,3500,3077,160.0,360.0,1.0,Semiurban,6577,Y,0.4444444444444444,8.791486026749002,5.081404364984463,0.7228139,0,N
LP001298,Male,Yes,2,Graduate,No,4116,1000,30.0,180.0,1.0,Urban,5116,Y,0.1666666666666666,8.540323608805092,3.4339872044851463,0.6874541,0,N
LP001312,Male,Yes,0,Not Graduate,Yes,5293,0,92.0,360.0,1.0,Urban,5293,Y,0.2555555555555555,8.574329382787047,4.532599493153256,0.83126086,0,N
LP001313,Male,No,0,Graduate,No,2750,0,130.0,360.0,0.0,Urban,2750,N,0.3611111111111111,7.919719760924575,4.875197323201151,0.40304017,0,N
LP001317,Female,No,0,Not Graduate,No,4402,0,130.0,360.0,1.0,Rural,4402,Y,0.3611111111111111,8.390041405755754,4.875197323201151,0.7664195,0,N
LP001321,Male,Yes,2,Graduate,No,3613,3539,134.0,180.0,1.0,Semiurban,7152,Y,0.7444444444444445,8.875287128108384,4.90527477843843,0.46211052,0,N
LP001323,Female,Yes,2,Graduate,No,2779,3664,176.0,360.0,0.0,Semiurban,6443,N,0.4888888888888889,8.770904744296866,5.176149732573829,0.34422678,0,N
LP001324,Male,Yes,3,Graduate,No,4720,0,90.0,180.0,1.0,Semiurban,4720,Y,0.5,8.459775920546287,4.51085950651685,0.6361274,0,N
LP001332,Male,Yes,0,Not Graduate,No,2415,1721,110.0,360.0,1.0,Semiurban,4136,Y,0.3055555555555556,8.327726166461412,4.709530201312334,0.77646405,0,N
LP001335,Male,Yes,0,Graduate,Yes,7016,292,125.0,360.0,1.0,Urban,7308,Y,0.3472222222222222,8.896861744480391,4.836281906951478,0.74273497,0,N
LP001338,Female,No,2,Graduate,No,4968,0,189.0,360.0,1.0,Semiurban,4968,Y,0.525,8.51097389160232,5.247024072160486,0.3855599,0,N
LP001347,Female,No,0,Graduate,No,2101,1500,108.0,360.0,0.0,Rural,3601,N,0.3,8.189244525735901,4.691347882229144,0.22214817,0,N
LP001348,Male,Yes,3,Not Graduate,No,4490,0,125.0,360.0,1.0,Urban,4490,Y,0.3472222222222222,8.409830673087738,4.836281906951478,0.6882991,0,N
LP001351,Male,Yes,0,Graduate,No,2917,3583,138.0,360.0,1.0,Semiurban,6500,Y,0.3833333333333333,8.77971129020447,4.934473933130692,0.6751008,0,N
LP001352,Male,Yes,0,Not Graduate,No,4700,0,135.0,360.0,0.0,Semiurban,4700,N,0.375,8.45553053102413,4.912654885736052,0.3009099,0,N
LP001358,Male,Yes,0,Graduate,No,3445,0,130.0,360.0,0.0,Semiurban,3445,N,0.3611111111111111,8.144969417087875,4.875197323201151,0.32528713,0,N
LP001359,Male,Yes,0,Graduate,No,7666,0,187.0,360.0,1.0,Semiurban,7666,Y,0.5194444444444445,8.944680683558895,5.236441962829949,0.82421345,0,N
LP001361,Male,Yes,0,Graduate,No,2458,5105,188.0,360.0,0.0,Rural,7563,N,0.5222222222222223,8.931155429778348,5.241747015059643,0.8039427,0,N
LP001366,Female,No,0,Graduate,No,3250,0,95.0,360.0,1.0,Semiurban,3250,Y,0.2638888888888889,8.086717920303906,4.564348191467836,0.62075764,0,N
LP001368,Male,No,0,Graduate,No,4463,0,65.0,360.0,1.0,Semiurban,4463,Y,0.1805555555555555,8.403800504061147,4.189654742026425,0.6788113,0,N
LP001375,Male,Yes,1,Graduate,,4083,1775,139.0,60.0,1.0,Urban,5858,Y,2.316666666666667,8.675734219544788,4.941642422609304,0.86304355,1,Y
LP001380,Male,Yes,0,Graduate,Yes,3900,2094,232.0,360.0,1.0,Rural,5994,Y,0.6444444444444445,8.698681067461614,5.4510384535657,0.8543406,0,N
LP001386,Male,Yes,0,Not Graduate,No,4750,3583,144.0,360.0,1.0,Semiurban,8333,Y,0.4,9.0280988119824,4.976733742420574,0.7625259,0,N
LP001400,Male,No,0,Graduate,No,3583,3435,155.0,360.0,1.0,Urban,7018,Y,0.4305555555555556,8.856376036730422,5.049856007249537,0.6977941,0,N
LP001407,Male,Yes,0,Graduate,No,3189,2367,186.0,360.0,1.0,Urban,5556,Y,0.5166666666666667,8.622813673279921,5.231108616854587,0.52960455,0,N
LP001413,Male,No,0,Graduate,Yes,6356,0,50.0,360.0,1.0,Rural,6356,Y,0.1388888888888889,8.757311846936409,3.9318256327243257,0.74911314,0,N
LP001415,Male,Yes,1,Graduate,No,3413,4053,125.0,360.0,1.0,Semiurban,7466,Y,0.3472222222222222,8.918248591035702,4.836281906951478,0.62345296,0,N
LP001419,Female,Yes,0,Graduate,No,7950,0,185.0,360.0,1.0,Urban,7950,Y,0.5138888888888888,8.981052985901483,5.225746673713202,0.79323107,0,N
LP001420,Male,Yes,3,Graduate,No,3829,1103,163.0,360.0,0.0,Urban,4932,N,0.4527777777777778,8.503702601233739,5.099866427824199,0.30321142,0,N
LP001428,Male,Yes,3,Graduate,No,72529,0,360.0,360.0,1.0,Urban,72529,Y,1.0,11.191755548357458,5.8888779583328805,0.7666904,0,N
LP001445,Male,Yes,2,Not Graduate,No,4136,0,149.0,480.0,0.0,Rural,4136,N,0.3104166666666667,8.327726166461412,5.010635294096256,0.32123098,0,N
LP001446,Male,Yes,0,Graduate,No,8449,0,257.0,360.0,1.0,Rural,8449,Y,0.7138888888888889,9.04192172035122,5.552959584921617,0.88010556,1,Y
LP001450,Male,Yes,0,Graduate,No,4456,0,131.0,180.0,0.0,Semiurban,4456,N,0.7277777777777777,8.402231172946555,4.882801922586371,0.34632465,0,N
LP001452,Male,Yes,2,Graduate,No,4635,8000,102.0,180.0,1.0,Rural,12635,Y,0.5666666666666667,9.444305161921976,4.634728988229636,0.82977706,0,N
LP001455,Male,Yes,0,Graduate,No,3571,1917,135.0,360.0,1.0,Urban,5488,Y,0.375,8.610501368549889,4.912654885736052,0.72100264,0,N
LP001466,Male,No,0,Graduate,No,3066,0,95.0,360.0,1.0,Semiurban,3066,Y,0.2638888888888889,8.028455164114252,4.564348191467836,0.59592915,0,N
LP001471,Male,No,2,Not Graduate,No,3235,2015,77.0,360.0,1.0,Semiurban,5250,Y,0.2138888888888888,8.566173813637858,4.356708826689592,0.80375004,0,N
LP001472,Female,No,0,Graduate,,5058,0,200.0,360.0,1.0,Rural,5058,Y,0.5555555555555556,8.528924114291936,5.303304908059076,0.7953572,0,N
LP001475,Male,Yes,0,Graduate,Yes,3188,2286,130.0,360.0,0.0,Rural,5474,N,0.3611111111111111,8.607947554684701,4.875197323201151,0.6183084,0,N
LP001483,Male,Yes,3,Graduate,No,13518,0,390.0,360.0,1.0,Rural,13518,Y,1.0833333333333333,9.511851382364403,5.968707559985366,0.7548203,0,N
LP001486,Male,Yes,1,Graduate,No,4364,2500,185.0,360.0,1.0,Semiurban,6864,Y,0.5138888888888888,8.834191318202071,5.225746673713202,0.6889349,0,N
LP001490,Male,Yes,2,Not Graduate,No,4766,1646,100.0,360.0,1.0,Semiurban,6412,Y,0.2777777777777778,8.766082459148864,4.61512051684126,0.70032245,0,N
LP001496,Male,Yes,1,Graduate,No,4609,2333,123.0,360.0,0.0,Semiurban,6942,N,0.3416666666666667,8.845489236753274,4.820281565605037,0.35085437,0,N
LP001499,Female,Yes,3,Graduate,No,6260,0,110.0,360.0,1.0,Semiurban,6260,Y,0.3055555555555556,8.74209519574531,4.709530201312334,0.6613524,0,N
LP001500,Male,Yes,1,Graduate,No,3333,4200,256.0,360.0,1.0,Urban,7533,Y,0.7111111111111111,8.927181388251986,5.54907608489522,0.8621541,1,Y
LP001501,Male,Yes,0,Graduate,No,3500,3250,140.0,360.0,1.0,Semiurban,6750,Y,0.3888888888888889,8.81744592104187,4.948759890378168,0.71759206,0,N
LP001517,Male,Yes,3,Graduate,No,9719,0,61.0,360.0,1.0,Urban,9719,Y,0.1694444444444444,9.181940897454483,4.127134385045092,0.75241154,0,N
LP001527,Male,Yes,3,Graduate,No,6835,0,188.0,360.0,0.0,Semiurban,6835,N,0.5222222222222223,8.829958044235482,5.241747015059643,0.70884734,0,N
LP001534,Male,No,0,Graduate,No,4452,0,131.0,360.0,1.0,Rural,4452,Y,0.3638888888888889,8.401333305321703,4.882801922586371,0.77102643,0,N
LP001542,Female,Yes,0,Graduate,No,2262,0,125.0,480.0,0.0,Semiurban,2262,N,0.2604166666666667,7.724446645633537,4.836281906951478,0.47531322,0,N
LP001547,Male,Yes,1,Graduate,No,3901,0,116.0,360.0,1.0,Urban,3901,Y,0.3222222222222222,8.269244521183056,4.762173934797756,0.8674545,1,Y
LP001548,Male,Yes,2,Not Graduate,No,2687,0,50.0,180.0,1.0,Rural,2687,Y,0.2777777777777778,7.89655270164304,3.9318256327243257,0.7764478,0,N
LP001558,Male,No,0,Graduate,No,2243,2233,107.0,360.0,0.0,Semiurban,4476,N,0.2972222222222222,8.406708458240965,4.68213122712422,0.3587157,0,N
LP001561,Female,Yes,0,Graduate,No,3417,1287,200.0,360.0,1.0,Semiurban,4704,Y,0.5555555555555556,8.45638105201948,5.303304908059076,0.745501,0,N
LP001563,,No,0,Graduate,No,1596,1760,119.0,360.0,0.0,Urban,3356,N,0.3305555555555555,8.118802996980035,4.787491742782046,0.63115114,0,N
LP001567,Male,Yes,3,Graduate,No,4513,0,120.0,360.0,1.0,Rural,4513,Y,0.3333333333333333,8.414938957377482,4.795790545596741,0.73658204,0,N
LP001568,Male,Yes,0,Graduate,No,4500,0,140.0,360.0,1.0,Semiurban,4500,Y,0.3888888888888889,8.412054873292933,4.948759890378168,0.5582682,0,N
LP001573,Male,Yes,0,Not Graduate,No,4523,1350,165.0,360.0,1.0,Urban,5873,Y,0.4583333333333333,8.678291111758565,5.111987788356544,0.83294594,0,N
LP001584,Female,No,0,Graduate,Yes,4742,0,108.0,360.0,1.0,Semiurban,4742,Y,0.3,8.464425125877582,4.691347882229144,0.6960411,0,N
LP001587,Male,Yes,0,Graduate,No,4082,0,93.0,360.0,1.0,Semiurban,4082,Y,0.2583333333333333,8.314587291319576,4.543294782270004,0.7119459,0,N
LP001589,Female,No,0,Graduate,No,3417,0,102.0,360.0,1.0,Urban,3417,Y,0.2833333333333333,8.136810863675537,4.634728988229636,0.88020027,1,Y
LP001591,Female,Yes,2,Graduate,No,2922,3396,122.0,360.0,1.0,Semiurban,6318,Y,0.3388888888888889,8.751316246773456,4.812184355372417,0.1983375,0,N
LP001599,Male,Yes,0,Graduate,No,4167,4754,160.0,360.0,1.0,Rural,8921,Y,0.4444444444444444,9.09627541568821,5.081404364984463,0.8769167,1,Y
LP001601,Male,No,3,Graduate,No,4243,4123,157.0,360.0,0.0,Semiurban,8366,N,0.4361111111111111,9.0320506762956,5.062595033026967,0.3481862,0,N
LP001607,Female,No,0,Not Graduate,No,0,1760,180.0,360.0,1.0,Semiurban,1760,Y,0.5,7.473637108496206,5.198497031265826,0.6523403,0,N
LP001611,Male,Yes,1,Graduate,No,1516,2900,80.0,360.0,0.0,Rural,4416,N,,8.393216011596527,4.394449154672439,0.3579357,0,N
LP001613,Female,No,0,Graduate,No,1762,2666,104.0,360.0,0.0,Urban,4428,N,0.2888888888888888,8.395929103923198,4.653960350157523,0.21157055,0,N
LP001622,Male,Yes,2,Graduate,No,724,3510,213.0,360.0,0.0,Rural,4234,N,0.5916666666666667,8.351138607086154,5.365976015021851,0.4460276,0,N
LP001627,Male,No,0,Graduate,No,3125,0,65.0,360.0,1.0,Urban,3125,Y,0.1805555555555555,8.047509510981422,4.189654742026425,0.81141347,0,N
LP001650,Male,Yes,0,Graduate,No,2333,3803,146.0,360.0,1.0,Rural,6136,Y,0.4055555555555555,8.722091302389098,4.990432586778736,0.84028393,0,N
LP001651,Male,Yes,3,Graduate,No,3350,1560,135.0,360.0,1.0,Urban,4910,Y,0.375,8.499232866039245,4.912654885736052,0.53202695,0,N
LP001652,Male,No,0,Graduate,No,2500,6414,187.0,360.0,0.0,Rural,8914,N,0.5194444444444445,9.09549053029724,5.236441962829949,0.24087398,0,N
LP001655,Female,No,0,Graduate,No,12500,0,300.0,360.0,0.0,Urban,12500,N,0.8333333333333334,9.433563920090563,5.707110264748875,0.8444123,0,N
LP001660,Male,No,0,Graduate,No,4667,0,120.0,360.0,1.0,Semiurban,4667,Y,0.3333333333333333,8.448485993406447,4.795790545596741,0.42226413,0,N
LP001662,Male,No,0,Graduate,No,6500,0,71.0,360.0,0.0,Urban,6500,N,0.1972222222222222,8.77971129020447,4.276666119016055,0.72020817,0,N
LP001663,Male,Yes,2,Graduate,No,7500,0,225.0,360.0,1.0,Urban,7500,Y,0.625,8.922791623969637,5.420534999272286,0.8291003,0,N
LP001667,Male,No,0,Graduate,No,3073,0,70.0,180.0,1.0,Urban,3073,Y,0.3888888888888889,8.03073492409854,4.262679877041316,0.84906054,0,N
LP001695,Male,Yes,1,Not Graduate,No,3321,2088,70.0,360.0,1.0,Semiurban,5409,Y,,8.596004371840527,4.262679877041316,0.69796103,0,N
LP001703,Male,Yes,0,Graduate,No,3333,1270,124.0,360.0,1.0,Urban,4603,Y,0.3444444444444444,8.434680769841773,4.8283137373023015,0.6959273,0,N
LP001718,Male,No,0,Graduate,No,3391,0,132.0,360.0,1.0,Rural,3391,Y,0.3666666666666666,8.129174996911793,4.890349128221754,0.5303633,0,N
LP001728,Male,Yes,1,Graduate,Yes,3343,1517,105.0,360.0,1.0,Rural,4860,Y,0.2916666666666667,8.488999457045455,4.663439094112067,0.68362737,0,N
LP001735,Female,No,1,Graduate,No,3620,0,90.0,360.0,1.0,Urban,3620,Y,0.25,8.19450550976564,4.51085950651685,0.87885725,1,Y
LP001737,Male,No,0,Graduate,No,4000,0,83.0,84.0,1.0,Urban,4000,Y,0.988095238095238,8.294299608857235,4.430816798843313,0.9014989,1,Y
LP001739,Male,Yes,0,Graduate,No,4258,0,125.0,360.0,1.0,Urban,4258,Y,0.3472222222222222,8.356789669923213,4.836281906951478,0.86244255,1,Y
LP001742,Male,Yes,2,Graduate,No,4500,0,147.0,360.0,1.0,Rural,4500,Y,0.4083333333333333,8.412054873292933,4.997212273764115,0.7051763,0,N
LP001757,Male,Yes,1,Graduate,No,2014,2925,120.0,360.0,1.0,Rural,4939,Y,0.3333333333333333,8.505120610181969,4.795790545596741,0.47135866,0,N
LP001769,,No,0,Graduate,No,3333,1250,110.0,360.0,1.0,Semiurban,4583,Y,0.3055555555555556,8.430327258394575,4.709530201312334,0.3835706,0,N
LP001771,Female,No,3,Graduate,No,4083,0,103.0,360.0,0.0,Semiurban,4083,N,0.2861111111111111,8.314832179284556,4.6443908991413725,0.3712717,0,N
LP001785,Male,No,0,Graduate,No,4727,0,150.0,360.0,0.0,Rural,4727,N,0.4166666666666667,8.461257559085935,5.017279836814924,0.5814564,0,N
LP001787,Male,Yes,3,Graduate,No,3089,2999,100.0,240.0,1.0,Rural,6088,Y,0.4166666666666667,8.714239143608575,4.61512051684126,0.7452867,0,N
LP001789,Male,Yes,3,Not Graduate,,6794,528,139.0,360.0,0.0,Urban,7322,N,0.3861111111111111,8.89877535906107,4.941642422609304,0.29599792,0,N
LP001791,Male,Yes,0,Graduate,Yes,32000,0,550.0,360.0,0.0,Semiurban,32000,N,1.5277777777777777,10.373522431293592,6.311734809152915,0.41727132,0,N
LP001794,Male,Yes,2,Graduate,Yes,10890,0,260.0,12.0,1.0,Rural,10890,Y,21.666666666666668,9.295692039075686,5.564520407322694,0.8417189,0,N
LP001797,Female,No,0,Graduate,No,12941,0,150.0,300.0,1.0,Urban,12941,Y,0.5,9.468233115617211,5.017279836814924,0.8299135,0,N
LP001815,Male,No,0,Not Graduate,No,3276,0,90.0,360.0,1.0,Semiurban,3276,Y,0.25,8.094683648698815,4.51085950651685,0.8811351,1,Y
LP001817,Male,No,0,Not Graduate,Yes,8703,0,199.0,360.0,0.0,Rural,8703,N,0.5527777777777778,9.071537969095724,5.298317366548036,0.42608434,0,N
LP001818,Male,Yes,1,Graduate,No,4742,717,139.0,360.0,1.0,Semiurban,5459,Y,0.3861111111111111,8.605204068738951,4.941642422609304,0.6577417,0,N
LP001822,Male,No,0,Graduate,No,5900,0,150.0,360.0,1.0,Urban,5900,Y,0.4166666666666667,8.682877107057168,5.017279836814924,0.8690227,1,Y
LP001827,Male,No,0,Graduate,No,3071,4309,180.0,360.0,1.0,Urban,7380,Y,0.5,8.906664409770052,5.198497031265826,0.639181,0,N
LP001831,Male,Yes,0,Graduate,No,2783,1456,113.0,360.0,1.0,Urban,4239,Y,0.3138888888888889,8.352318548226004,4.736198448394496,0.65901333,0,N
LP001842,Male,No,0,Graduate,No,5000,0,148.0,360.0,1.0,Rural,5000,Y,0.4111111111111111,8.517393171418904,5.003946305945459,0.8335053,0,N
LP001853,Male,Yes,1,Not Graduate,No,2463,2360,117.0,360.0,0.0,Urban,4823,N,0.325,8.481358738407021,4.770684624465665,0.24806747,0,N
LP001855,Male,Yes,2,Graduate,No,4855,0,72.0,360.0,1.0,Rural,4855,Y,0.2,8.487970332739334,4.290459441148391,0.7199435,0,N
LP001857,Male,No,0,Not Graduate,Yes,1599,2474,125.0,300.0,1.0,Semiurban,4073,Y,0.4166666666666667,8.31238059678675,4.836281906951478,0.82759947,0,N
LP001862,Male,Yes,2,Graduate,Yes,4246,4246,214.0,360.0,1.0,Urban,8492,Y,0.5944444444444444,9.04699757378001,5.3706380281276624,0.86303556,1,Y
LP001867,Male,Yes,0,Graduate,No,4333,2291,133.0,350.0,1.0,Rural,6624,Y,0.38,8.798605650854423,4.897839799950911,0.8201863,0,N
LP001878,Male,No,1,Graduate,No,5823,2529,187.0,360.0,1.0,Semiurban,8352,Y,0.5194444444444445,9.030376034755909,5.236441962829949,0.7629515,0,N
LP001881,Male,Yes,0,Not Graduate,No,7895,0,143.0,360.0,1.0,Rural,7895,Y,0.3972222222222222,8.974111581113318,4.969813299576001,0.81174856,0,N
LP001886,Male,No,0,Graduate,No,4150,4256,209.0,360.0,1.0,Rural,8406,Y,0.5805555555555556,9.036819971135296,5.3471075307174685,0.62178844,0,N
LP001906,Male,No,0,Graduate,,2964,0,84.0,360.0,0.0,Semiurban,2964,N,0.2333333333333333,7.994632311431825,4.442651256490317,0.6908926,0,N
LP001909,Male,No,0,Graduate,No,5583,0,116.0,360.0,1.0,Urban,5583,Y,0.3222222222222222,8.627660644442209,4.762173934797756,0.86592495,1,Y
LP001911,Female,No,0,Graduate,No,2708,0,65.0,360.0,1.0,Rural,2708,Y,0.1805555555555555,7.904334842085095,4.189654742026425,0.72016346,0,N
LP001921,Male,No,1,Graduate,No,3180,2370,80.0,240.0,0.0,Rural,5550,N,0.3333333333333333,8.621733370690162,4.394449154672439,0.33941844,0,N
LP001923,Male,No,0,Not Graduate,No,2268,0,170.0,360.0,0.0,Semiurban,2268,N,0.4722222222222222,7.727094484779841,5.14166355650266,0.23725542,0,N
LP001933,Male,No,2,Not Graduate,No,1141,2017,120.0,360.0,0.0,Urban,3158,N,0.3333333333333333,8.058010800802085,4.795790545596741,0.423457,0,N
LP001943,Male,Yes,0,Graduate,No,3042,3167,135.0,360.0,1.0,Urban,6209,Y,0.375,8.733916174927524,4.912654885736052,0.82376015,0,N
LP001950,Female,Yes,3,Graduate,,1750,2935,94.0,360.0,0.0,Semiurban,4685,N,0.2611111111111111,8.452334619067742,4.553876891600541,0.28187126,0,N
LP001959,Female,Yes,1,Graduate,No,3564,0,79.0,360.0,1.0,Rural,3564,Y,0.2194444444444444,8.178919332848396,4.382026634673881,0.83634543,0,N
LP001961,Female,No,0,Graduate,No,3958,0,110.0,360.0,1.0,Rural,3958,Y,0.3055555555555556,8.28374674710613,4.709530201312334,0.8023702,0,N
LP001973,Male,Yes,2,Not Graduate,No,4483,0,130.0,360.0,1.0,Rural,4483,Y,0.3611111111111111,8.40827078419205,4.875197323201151,0.6387456,0,N
LP001975,Male,Yes,0,Graduate,No,5225,0,143.0,360.0,1.0,Rural,5225,Y,0.3972222222222222,8.561401446080557,4.969813299576001,0.86143816,1,Y
LP001979,Male,No,0,Graduate,No,3017,2845,159.0,180.0,0.0,Urban,5862,N,0.8833333333333333,8.676416696964216,5.075173815233827,0.508723,0,N
LP001995,Male,Yes,0,Not Graduate,No,2431,1820,110.0,360.0,0.0,Rural,4251,N,0.3055555555555556,8.355144739461839,4.709530201312334,0.21255201,0,N
LP001999,Male,Yes,2,Graduate,,4912,4614,160.0,360.0,1.0,Rural,9526,Y,0.4444444444444444,9.16188515170678,5.081404364984463,0.85235614,0,N
LP002007,Male,Yes,2,Not Graduate,No,2500,3333,131.0,360.0,1.0,Urban,5833,Y,0.3638888888888889,8.671458150427666,4.882801922586371,0.75262135,0,N
LP002009,Female,No,0,Graduate,No,2918,0,65.0,360.0,0.0,Rural,2918,N,0.1805555555555555,7.978996370854115,4.189654742026425,0.6136492,0,N
LP002016,Male,Yes,2,Graduate,No,5128,0,143.0,360.0,1.0,Rural,5128,Y,0.3972222222222222,8.542665987389269,4.969813299576001,0.8622213,1,Y
LP002017,Male,Yes,3,Graduate,No,15312,0,187.0,360.0,0.0,Urban,15312,N,0.5194444444444445,9.636457419815208,5.236441962829949,0.6293358,0,N
LP002018,Male,Yes,2,Graduate,No,3958,2632,160.0,360.0,1.0,Semiurban,6590,Y,0.4444444444444444,8.79346036105272,5.081404364984463,0.4054019,0,N
LP002027,Male,Yes,0,Graduate,No,4334,2945,165.0,360.0,1.0,Semiurban,7279,Y,0.4583333333333333,8.892886141190731,5.111987788356544,0.73718005,0,N
LP002028,Male,Yes,2,Graduate,No,4358,0,110.0,360.0,1.0,Urban,4358,Y,0.3055555555555556,8.379997952238393,4.709530201312334,0.8687435,1,Y
LP002042,Female,Yes,1,Graduate,No,4000,3917,173.0,360.0,1.0,Rural,7917,Y,0.4805555555555555,8.976893927666076,5.159055299214529,0.8148515,0,N
LP002045,Male,Yes,3,Graduate,No,10166,750,150.0,360.0,1.0,Urban,10916,Y,,9.29807648628027,5.017279836814924,0.48628643,0,N
LP002046,Male,Yes,0,Not Graduate,No,4483,0,135.0,360.0,0.0,Semiurban,4483,N,0.375,8.40827078419205,4.912654885736052,0.23972405,0,N
LP002047,Male,Yes,2,Not Graduate,No,4521,1184,150.0,360.0,1.0,Semiurban,5705,Y,0.4166666666666667,8.649273531773446,5.017279836814924,0.5716806,0,N
LP002056,Male,Yes,2,Graduate,No,9167,0,235.0,360.0,1.0,Semiurban,9167,Y,0.6527777777777778,9.12347443895452,5.4638318050256105,0.71966094,0,N
LP002057,Male,Yes,0,Not Graduate,No,13083,0,125.0,360.0,1.0,Rural,13083,Y,0.3472222222222222,9.479145388658274,4.836281906951478,0.7017871,0,N
LP002059,Male,Yes,2,Graduate,No,7874,3967,336.0,360.0,1.0,Rural,11841,Y,0.9333333333333332,9.37940781309172,5.820082930352362,0.8581404,0,N
LP002062,Female,Yes,1,Graduate,No,4333,0,132.0,84.0,1.0,Rural,4333,Y,1.5714285714285714,8.374246182096304,4.890349128221754,0.85493076,0,N
LP002064,Male,No,0,Graduate,No,4083,0,96.0,360.0,1.0,Urban,4083,Y,0.2666666666666666,8.314832179284556,4.574710978503383,0.8957861,1,Y
LP002069,Male,Yes,2,Not Graduate,,3785,2912,180.0,360.0,0.0,Rural,6697,N,0.5,8.80956425335415,5.198497031265826,0.5718097,0,N
LP002070,Male,Yes,3,Not Graduate,No,2654,1998,128.0,360.0,0.0,Rural,4652,N,0.3555555555555555,8.445267451844648,4.859812404361672,0.24152507,0,N
LP002077,Male,Yes,1,Graduate,No,10000,2690,412.0,360.0,1.0,Semiurban,12690,Y,1.1444444444444444,9.448648359810164,6.023447592961033,0.8475688,0,N
LP002083,Male,No,0,Graduate,Yes,5833,0,116.0,360.0,1.0,Urban,5833,Y,0.3222222222222222,8.671458150427666,4.762173934797756,0.8661764,1,Y
LP002090,Male,Yes,1,Graduate,No,4796,0,114.0,360.0,0.0,Semiurban,4796,N,0.3166666666666666,8.475746001502063,4.74493212836325,0.3250667,0,N
LP002096,Male,Yes,0,Not Graduate,No,2000,1600,115.0,360.0,1.0,Rural,3600,Y,0.3194444444444444,8.188966863648876,4.7535901911063645,0.5622993,0,N
LP002099,Male,Yes,2,Graduate,No,2540,700,104.0,360.0,0.0,Urban,3240,N,0.2888888888888888,8.083637203141548,4.653960350157523,0.43696684,0,N
LP002102,Male,Yes,0,Graduate,Yes,1900,1442,88.0,360.0,1.0,Rural,3342,Y,0.2444444444444444,8.114623886420098,4.48863636973214,0.79193,0,N
LP002105,Male,Yes,0,Graduate,Yes,8706,0,108.0,480.0,1.0,Rural,8706,Y,0.225,9.071882578828616,4.691347882229144,0.8628508,1,Y
LP002107,Male,Yes,3,Not Graduate,No,2855,542,90.0,360.0,1.0,Urban,3397,Y,0.25,8.130942302231878,4.51085950651685,0.5906187,0,N
LP002111,Male,Yes,0,Graduate,No,3016,1300,100.0,360.0,0.0,Urban,4316,N,0.2777777777777778,8.370315995555478,4.61512051684126,0.41455975,0,N
LP002117,Female,Yes,0,Graduate,No,3159,2374,108.0,360.0,1.0,Semiurban,5533,Y,0.3,8.618666160346871,4.691347882229144,0.3479673,0,N
LP002118,Female,No,0,Graduate,No,1937,1152,78.0,360.0,1.0,Semiurban,3089,Y,0.2166666666666666,8.035926369891792,4.3694478524670215,0.6194083,0,N
LP002123,Male,Yes,0,Graduate,No,2613,2417,123.0,360.0,1.0,Semiurban,5030,Y,0.3416666666666667,8.523374050491318,4.820281565605037,0.439967,0,N
LP002125,Male,Yes,1,Graduate,No,4960,2600,187.0,360.0,1.0,Semiurban,7560,Y,0.5194444444444445,8.93075873555827,5.236441962829949,0.75466746,0,N
LP002148,Male,Yes,1,Graduate,No,3074,1083,146.0,360.0,1.0,Semiurban,4157,Y,0.4055555555555555,8.332789468417959,4.990432586778736,0.7761893,0,N
LP002152,Female,No,0,Graduate,No,4213,0,80.0,360.0,1.0,Urban,4213,Y,0.2222222222222222,8.346167594364134,4.394449154672439,0.84271437,0,N
LP002165,,No,1,Not Graduate,No,2038,4027,100.0,360.0,1.0,Rural,6065,Y,0.2777777777777778,8.710454688248527,4.61512051684126,0.6980765,0,N
LP002167,Female,No,0,Graduate,No,2362,0,55.0,360.0,1.0,Urban,2362,Y,0.1527777777777778,7.767687277186908,4.02535169073515,0.8408644,0,N
LP002168,Male,No,0,Graduate,No,5333,2400,200.0,360.0,0.0,Rural,7733,N,0.5555555555555556,8.953381472167242,5.303304908059076,0.6776302,0,N
LP002172,Male,Yes,3,Graduate,Yes,5384,0,150.0,360.0,1.0,Semiurban,5384,Y,0.4166666666666667,8.591372589590488,5.017279836814924,0.577722,0,N
LP002176,Male,No,0,Graduate,No,5708,0,150.0,360.0,1.0,Rural,5708,Y,0.4166666666666667,8.64979915596426,5.017279836814924,0.827534,0,N
LP002183,Male,Yes,0,Not Graduate,No,3754,3719,118.0,360.0,1.0,Rural,7473,Y,,8.91918561004543,4.77912349311153,0.8189168,0,N
LP002184,Male,Yes,0,Not Graduate,No,2914,2130,150.0,300.0,1.0,Urban,5044,Y,0.5,8.52615293278771,5.017279836814924,0.31850913,0,N
LP002186,Male,Yes,0,Not Graduate,No,2747,2458,118.0,36.0,1.0,Semiurban,5205,Y,3.2777777777777777,8.55756708555451,4.77912349311153,0.7949419,0,N
LP002192,Male,Yes,0,Graduate,No,7830,2183,212.0,360.0,1.0,Rural,10013,Y,0.5888888888888889,9.211739392889893,5.3612921657094255,0.85849667,0,N
LP002195,Male,Yes,1,Graduate,Yes,3507,3148,212.0,360.0,1.0,Rural,6655,Y,0.5888888888888889,8.803273982501045,5.3612921657094255,0.85607874,0,N
LP002208,Male,Yes,1,Graduate,No,3747,2139,125.0,360.0,1.0,Urban,5886,Y,0.3472222222222222,8.68050180902826,4.836281906951478,0.8279384,0,N
LP002212,Male,Yes,0,Graduate,No,2166,2166,108.0,360.0,0.0,Urban,4332,N,0.3,8.374015421739909,4.691347882229144,0.27705157,0,N
LP002240,Male,Yes,0,Not Graduate,No,3500,2168,149.0,360.0,1.0,Rural,5668,Y,0.4138888888888888,8.642768014324304,5.010635294096256,0.78151345,0,N
LP002245,Male,Yes,2,Not Graduate,No,2896,0,80.0,480.0,1.0,Urban,2896,Y,0.1666666666666666,7.9714309977693505,4.394449154672439,0.7521102,0,N
LP002253,Female,No,1,Graduate,No,5062,0,152.0,300.0,1.0,Rural,5062,Y,0.5066666666666667,8.529714471969909,5.030437921392435,0.84094405,0,N
LP002256,Female,No,2,Graduate,Yes,5184,0,187.0,360.0,0.0,Semiurban,5184,N,0.5194444444444445,8.553525120663627,5.236441962829949,0.31301457,0,N
LP002257,Female,No,0,Graduate,No,2545,0,74.0,360.0,1.0,Urban,2545,Y,0.2055555555555555,7.842278779117352,4.31748811353631,0.7772224,0,N
LP002264,Male,Yes,0,Graduate,No,2553,1768,102.0,360.0,1.0,Urban,4321,Y,0.2833333333333333,8.371473537066832,4.634728988229636,0.38095722,0,N
LP002270,Male,Yes,1,Graduate,No,3436,3809,100.0,360.0,1.0,Rural,7245,Y,0.2777777777777778,8.888204871455022,4.61512051684126,0.75962794,0,N
LP002279,Male,No,0,Graduate,No,2412,2755,130.0,360.0,1.0,Rural,5167,Y,0.3611111111111111,8.550241045462437,4.875197323201151,0.34188524,0,N
LP002286,Male,Yes,3,Not Graduate,No,5180,0,125.0,360.0,0.0,Urban,5180,N,0.3472222222222222,8.552753366814787,4.836281906951478,0.5523812,0,N
LP002294,Male,No,0,Graduate,No,14911,14507,130.0,360.0,1.0,Semiurban,29418,Y,0.3611111111111111,10.289396003095074,4.875197323201151,0.49297485,0,N
LP002298,,No,0,Graduate,Yes,2860,2988,138.0,360.0,1.0,Urban,5848,Y,0.3833333333333333,8.674025985443025,4.934473933130692,0.778031,0,N
LP002306,Male,Yes,0,Graduate,No,1173,1594,28.0,180.0,1.0,Rural,2767,Y,0.1555555555555555,7.92588031673756,3.367295829986474,0.768667,0,N
LP002310,Female,No,1,Graduate,No,7600,0,92.0,360.0,1.0,Semiurban,7600,Y,0.2555555555555555,8.936035096566041,4.532599493153256,0.78577274,0,N
LP002311,Female,Yes,0,Graduate,No,2157,1788,104.0,360.0,1.0,Urban,3945,Y,0.2888888888888888,8.28045768658256,4.653960350157523,0.39567316,0,N
LP002316,Male,No,0,Graduate,No,2231,2774,176.0,360.0,0.0,Urban,5005,N,0.4888888888888889,8.518392471991719,5.176149732573829,0.19519408,0,N
LP002321,Female,No,0,Graduate,No,2274,5211,117.0,360.0,0.0,Semiurban,7485,N,0.325,8.920789888464375,4.770684624465665,0.26077113,0,N
LP002325,Male,Yes,2,Not Graduate,No,6166,13983,102.0,360.0,1.0,Rural,20149,Y,0.2833333333333333,9.91095956737483,4.634728988229636,0.7643954,0,N
LP002326,Male,Yes,2,Not Graduate,No,2513,1110,107.0,360.0,1.0,Semiurban,3623,Y,0.2972222222222222,8.19533366716287,4.68213122712422,0.8228334,0,N
LP002329,Male,No,0,Graduate,No,4333,0,66.0,480.0,1.0,Urban,4333,Y,0.1375,8.374246182096304,4.204692619390966,0.817944,0,N
LP002333,Male,No,0,Not Graduate,No,3844,0,105.0,360.0,1.0,Urban,3844,Y,0.2916666666666667,8.254528881939745,4.663439094112067,0.90259403,1,Y
LP002339,Male,Yes,0,Graduate,No,3887,1517,105.0,360.0,0.0,Semiurban,5404,N,0.2916666666666667,8.595079730073309,4.663439094112067,0.3165139,0,N
LP002344,Male,Yes,0,Graduate,No,3510,828,105.0,360.0,1.0,Semiurban,4338,Y,0.2916666666666667,8.37539918579835,4.663439094112067,0.48350373,0,N
LP002346,Male,Yes,0,Graduate,,2539,1704,125.0,360.0,0.0,Rural,4243,N,0.3472222222222222,8.353261499733874,4.836281906951478,0.4561025,0,N
LP002354,Female,No,0,Not Graduate,No,2107,0,64.0,360.0,1.0,Semiurban,2107,Y,0.1777777777777777,7.653494909661253,4.174387269895637,0.8542517,0,N
LP002355,,Yes,0,Graduate,No,3186,3145,150.0,180.0,0.0,Semiurban,6331,N,0.8333333333333334,8.753371421000903,5.017279836814924,0.7009215,0,N
LP002358,Male,Yes,2,Graduate,Yes,5000,2166,150.0,360.0,1.0,Urban,7166,Y,0.4166666666666667,8.877242435993919,5.017279836814924,0.8490156,0,N
LP002360,Male,Yes,0,Graduate,No,10000,0,125.0,360.0,1.0,Urban,10000,Y,0.3472222222222222,9.210440366976515,4.836281906951478,0.8658484,1,Y
LP002375,Male,Yes,0,Not Graduate,Yes,3943,0,64.0,360.0,1.0,Semiurban,3943,Y,0.1777777777777777,8.279950715722526,4.174387269895637,0.8035177,0,N
LP002376,Male,No,0,Graduate,No,2925,0,40.0,180.0,1.0,Rural,2925,Y,0.2222222222222222,7.98139158158007,3.713572066704308,0.71545595,0,N
LP002383,Male,Yes,3,Graduate,No,3242,437,142.0,480.0,0.0,Urban,3679,N,0.2958333333333333,8.210668031162976,4.962844630259907,0.25925705,0,N
LP002385,Male,Yes,0,Graduate,No,3863,0,70.0,300.0,1.0,Semiurban,3863,Y,0.2333333333333333,8.259458195332408,4.262679877041316,0.7129769,0,N
LP002389,Female,No,1,Graduate,No,4028,0,131.0,360.0,1.0,Semiurban,4028,Y,0.3638888888888889,8.301273485191347,4.882801922586371,0.49331382,0,N
LP002394,Male,Yes,2,Graduate,No,4010,1025,120.0,360.0,1.0,Urban,5035,Y,0.3333333333333333,8.524367395164237,4.795790545596741,0.6335406,0,N
LP002397,Female,Yes,1,Graduate,No,3719,1585,114.0,360.0,1.0,Urban,5304,Y,0.3166666666666666,8.576405051048084,4.74493212836325,0.34664226,0,N
LP002399,Male,No,0,Graduate,,2858,0,123.0,360.0,0.0,Rural,2858,N,0.3416666666666667,7.958227192322312,4.820281565605037,0.3137148,0,N
LP002400,Female,Yes,0,Graduate,No,3833,0,92.0,360.0,1.0,Rural,3833,Y,0.2555555555555555,8.251663923605589,4.532599493153256,0.8496136,0,N
LP002402,Male,Yes,0,Graduate,No,3333,4288,160.0,360.0,1.0,Urban,7621,Y,0.4444444444444444,8.938794081433805,5.081404364984463,0.8181054,0,N
LP002412,Male,Yes,0,Graduate,No,3007,3725,151.0,360.0,1.0,Rural,6732,Y,0.4194444444444444,8.814776088545281,5.0238805208462765,0.8275618,0,N
LP002415,Female,No,1,Graduate,,1850,4583,81.0,360.0,0.0,Rural,6433,N,0.225,8.769351707798972,4.406719247264253,0.29601642,0,N
LP002417,Male,Yes,3,Not Graduate,No,2792,2619,171.0,360.0,1.0,Semiurban,5411,Y,0.475,8.59637398929068,5.147494476813453,0.49662888,0,N
LP002420,Male,Yes,0,Graduate,No,2982,1550,110.0,360.0,1.0,Semiurban,4532,Y,0.3055555555555556,8.41913925094085,4.709530201312334,0.3793928,0,N
LP002425,Male,No,0,Graduate,No,3417,738,100.0,360.0,0.0,Rural,4155,N,0.2777777777777778,8.332308352219117,4.61512051684126,0.2915018,0,N
LP002433,Male,Yes,1,Graduate,No,18840,0,234.0,360.0,1.0,Rural,18840,Y,0.65,9.843790625278,5.459585514144159,0.79112285,0,N
LP002440,Male,Yes,2,Graduate,No,2995,1120,184.0,360.0,1.0,Rural,4115,Y,0.5111111111111111,8.32263709695394,5.220355825078324,0.56869096,0,N
LP002441,Male,No,0,Graduate,No,3579,3308,138.0,360.0,0.0,Semiurban,6887,N,0.3833333333333333,8.837536046107568,4.934473933130692,0.3521709,0,N
LP002442,Female,Yes,1,Not Graduate,No,3835,1400,112.0,480.0,0.0,Urban,5235,N,0.2333333333333333,8.56331312702979,4.727387818712341,0.15531589,0,N
LP002445,Female,No,1,Not Graduate,No,3854,3575,117.0,360.0,1.0,Rural,7429,Y,0.325,8.913281137711804,4.770684624465665,0.5797722,0,N
LP002450,Male,Yes,2,Graduate,No,5833,750,49.0,360.0,0.0,Rural,6583,N,0.1361111111111111,8.792397742356906,3.912023005428146,0.3310545,0,N
LP002471,Male,No,0,Graduate,No,3508,0,99.0,360.0,1.0,Rural,3508,Y,0.275,8.163086375583216,4.605170185988092,0.815843,0,N
LP002476,Female,Yes,3,Not Graduate,No,1635,2444,99.0,360.0,1.0,Urban,4079,Y,0.275,8.313852267398207,4.605170185988092,0.54912883,0,N
LP002482,Female,No,0,Graduate,Yes,3333,3916,212.0,360.0,1.0,Rural,7249,Y,0.5888888888888889,8.88875674784872,5.3612921657094255,0.695581,0,N
LP002485,Male,No,1,Graduate,No,24797,0,240.0,360.0,1.0,Semiurban,24797,Y,0.6666666666666666,10.118518283739787,5.484796933490655,0.555784,0,N
LP002495,Male,Yes,2,Graduate,No,5667,440,130.0,360.0,0.0,Semiurban,6107,N,0.3611111111111111,8.717354666338522,4.875197323201151,0.21004657,0,N
LP002496,Female,No,0,Graduate,No,3500,0,94.0,360.0,0.0,Semiurban,3500,N,0.2611111111111111,8.160803920954665,4.553876891600541,0.5703936,0,N
LP002523,Male,Yes,3,Graduate,No,2773,1497,108.0,360.0,1.0,Semiurban,4270,Y,0.3,8.359603270841466,4.691347882229144,0.40457425,0,N
LP002542,Male,Yes,0,Graduate,,6500,0,144.0,360.0,1.0,Urban,6500,Y,0.4,8.77971129020447,4.976733742420574,0.84087116,0,N
LP002550,Female,No,0,Graduate,No,5769,0,110.0,180.0,1.0,Semiurban,5769,Y,0.6111111111111112,8.660427359502146,4.709530201312334,0.81457293,0,N
LP002551,Male,Yes,3,Not Graduate,,3634,910,176.0,360.0,0.0,Semiurban,4544,N,0.4888888888888889,8.421783006611578,5.176149732573829,0.39058635,0,N
LP002553,,No,0,Graduate,No,29167,0,185.0,360.0,1.0,Semiurban,29167,Y,0.5138888888888888,10.280827496918445,5.225746673713202,0.5795176,0,N
LP002554,Male,No,0,Graduate,No,2166,2057,122.0,360.0,1.0,Semiurban,4223,Y,0.3388888888888889,8.348537825386098,4.812184355372417,0.53181785,0,N
LP002561,Male,Yes,0,Graduate,No,5000,0,126.0,360.0,1.0,Rural,5000,Y,0.35,8.517393171418904,4.844187086458591,0.8163334,0,N
LP002566,Female,No,0,Graduate,No,5530,0,135.0,360.0,0.0,Urban,5530,N,0.375,8.618123909994678,4.912654885736052,0.82001567,0,N
LP002568,Male,No,0,Not Graduate,No,9000,0,122.0,360.0,1.0,Rural,9000,Y,0.3388888888888889,9.105090961257083,4.812184355372417,0.8353956,0,N
LP002570,Female,Yes,2,Graduate,No,10000,11666,460.0,360.0,1.0,Urban,21666,Y,1.2777777777777777,9.983545644706709,6.133398042996649,0.7213216,0,N
LP002572,Male,Yes,1,Graduate,,8750,0,297.0,360.0,1.0,Urban,8750,Y,0.825,9.076923258535832,5.697093486505405,0.86422884,1,Y
LP002581,Male,Yes,0,Not Graduate,No,2157,2730,140.0,360.0,0.0,Rural,4887,N,0.3888888888888889,8.494538500851432,4.948759890378168,0.3327803,0,N
LP002584,Male,No,0,Graduate,,1972,4347,106.0,360.0,1.0,Rural,6319,Y,0.2944444444444444,8.751474487140904,4.672828834461906,0.5821946,0,N
LP002592,Male,No,0,Graduate,No,4983,0,141.0,360.0,1.0,Urban,4983,Y,0.3916666666666666,8.51398806046729,4.955827057601261,0.83811384,0,N
LP002593,Male,Yes,1,Graduate,No,8333,4000,125.0,360.0,1.0,Urban,12333,Y,0.3472222222222222,9.42011495555144,4.836281906951478,0.8003877,0,N
LP002599,Male,Yes,0,Graduate,No,3667,2000,170.0,360.0,1.0,Semiurban,5667,Y,0.4722222222222222,8.64259160081057,5.14166355650266,0.6797187,0,N
LP002604,Male,Yes,2,Graduate,No,3166,2833,145.0,360.0,1.0,Urban,5999,Y,0.4027777777777778,8.699514748210191,4.983606621708336,0.7179589,0,N
LP002605,Male,No,0,Not Graduate,No,3271,0,90.0,360.0,1.0,Rural,3271,Y,0.25,8.093156697722637,4.51085950651685,0.83438385,0,N
LP002609,Female,Yes,0,Graduate,No,2241,2000,88.0,360.0,0.0,Urban,4241,N,0.2444444444444444,8.352790135124629,4.48863636973214,0.16743346,0,N
LP002610,Male,Yes,1,Not Graduate,,1792,2565,128.0,360.0,1.0,Urban,4357,Y,0.3555555555555555,8.379768515504566,4.859812404361672,0.4850329,0,N
LP002612,Female,Yes,0,Graduate,No,2666,0,84.0,480.0,1.0,Semiurban,2666,Y,0.175,7.888709524182015,4.442651256490317,0.7023198,0,N
LP002614,,No,0,Graduate,No,6478,0,108.0,360.0,1.0,Semiurban,6478,Y,0.3,8.776321456449958,4.691347882229144,0.8144713,0,N
LP002630,Male,No,0,Not Graduate,,3808,0,83.0,360.0,1.0,Rural,3808,Y,0.2305555555555555,8.245121966478605,4.430816798843313,0.8760241,1,Y
LP002635,Female,Yes,2,Not Graduate,No,3729,0,117.0,360.0,1.0,Semiurban,3729,Y,0.325,8.224163512637862,4.770684624465665,0.7330222,0,N
LP002639,Male,Yes,2,Graduate,No,4120,0,128.0,360.0,1.0,Rural,4120,Y,0.3555555555555555,8.323851131338817,4.859812404361672,0.72074527,0,N
LP002644,Male,Yes,1,Graduate,Yes,7500,0,75.0,360.0,1.0,Urban,7500,Y,0.2083333333333333,8.922791623969637,4.330733340286331,0.7463497,0,N
LP002651,Male,Yes,1,Graduate,,6300,0,125.0,360.0,0.0,Urban,6300,N,0.3472222222222222,8.748463629942055,4.836281906951478,0.8573023,0,N
LP002654,Female,No,0,Graduate,Yes,14987,0,177.0,360.0,1.0,Rural,14987,Y,0.4916666666666666,9.615005159913578,5.181783550292085,0.726157,0,N
LP002657,,Yes,1,Not Graduate,Yes,570,2125,68.0,360.0,1.0,Rural,2695,Y,0.1888888888888888,7.899524472032198,4.23410650459726,0.7848534,0,N
LP002711,Male,Yes,0,Graduate,No,2600,700,96.0,360.0,1.0,Semiurban,3300,Y,0.2666666666666666,8.101980731853192,4.574710978503383,0.63743556,0,N
LP002712,Male,No,2,Not Graduate,No,2733,1083,180.0,360.0,0.0,Semiurban,3816,N,0.5,8.247220052745229,5.198497031265826,0.5535592,0,N
LP002721,Male,Yes,2,Graduate,Yes,7500,0,183.0,360.0,1.0,Rural,7500,Y,0.5083333333333333,8.922791623969637,5.214935757608986,0.788276,0,N
LP002735,Male,Yes,2,Not Graduate,No,3859,0,121.0,360.0,1.0,Rural,3859,Y,0.3361111111111111,8.258422462458876,4.804021044733257,0.7493902,0,N
LP002744,Male,Yes,1,Graduate,No,6825,0,162.0,360.0,1.0,Rural,6825,Y,0.45,8.828494129466652,5.093750200806762,0.85767674,0,N
LP002745,Male,Yes,0,Graduate,No,3708,4700,132.0,360.0,1.0,Semiurban,8408,Y,0.3666666666666666,9.037057839832896,4.890349128221754,0.67963916,0,N
LP002746,Male,No,0,Graduate,No,5314,0,147.0,360.0,1.0,Urban,5314,Y,0.4083333333333333,8.57828829077605,4.997212273764115,0.8657206,1,Y
LP002747,Female,No,3,Graduate,No,2366,5272,153.0,360.0,0.0,Rural,7638,N,0.425,8.94102198354136,5.0369526024136295,0.15325889,0,N
LP002754,Male,No,0,Graduate,No,2066,2108,104.0,84.0,1.0,Urban,4174,Y,1.238095238095238,8.336869637284956,4.653960350157523,0.6658046,0,N
LP002759,Male,Yes,2,Graduate,No,5000,0,149.0,360.0,1.0,Rural,5000,Y,0.4138888888888888,8.517393171418904,5.010635294096256,0.8650611,1,Y
LP002760,Female,No,0,Graduate,No,3767,0,134.0,300.0,1.0,Urban,3767,Y,0.4466666666666666,8.234299635696253,4.90527477843843,0.77994275,0,N
LP002766,Female,Yes,0,Graduate,No,7859,879,165.0,180.0,1.0,Semiurban,8738,Y,0.9166666666666666,9.075551045627543,5.111987788356544,0.8638765,1,Y
LP002769,Female,Yes,0,Graduate,No,4283,0,120.0,360.0,1.0,Rural,4283,Y,0.3333333333333333,8.36264243156764,4.795790545596741,0.83219236,0,N
LP002774,Male,Yes,0,Not Graduate,No,1700,2900,67.0,360.0,0.0,Urban,4600,N,0.1861111111111111,8.434028950155469,4.219507705176107,0.25714993,0,N
LP002775,,No,0,Not Graduate,No,4768,0,125.0,360.0,1.0,Rural,4768,Y,0.3472222222222222,8.469891918298224,4.836281906951478,0.80139464,0,N
LP002781,Male,No,0,Graduate,No,3083,2738,120.0,360.0,1.0,Urban,5821,Y,0.3333333333333333,8.669399124305569,4.795790545596741,0.7095702,0,N
LP002782,Male,Yes,1,Graduate,No,2667,1542,148.0,360.0,1.0,Rural,4209,Y,0.4111111111111111,8.345217926676428,5.003946305945459,0.7171024,0,N
LP002786,Female,Yes,0,Not Graduate,No,1647,1762,181.0,360.0,1.0,Urban,3409,Y,0.5027777777777778,8.134467570277563,5.204006687076795,0.67673445,0,N
LP002790,Male,Yes,3,Graduate,No,3400,0,80.0,120.0,1.0,Urban,3400,Y,0.6666666666666666,8.131824785007195,4.394449154672439,0.86515313,1,Y
LP002791,Male,No,1,Graduate,,16000,5000,40.0,360.0,1.0,Semiurban,21000,Y,0.1111111111111111,9.952325334619427,3.713572066704308,0.6796613,0,N
LP002793,Male,Yes,0,Graduate,No,5333,0,90.0,360.0,1.0,Rural,5333,Y,0.25,8.58185670474196,4.51085950651685,0.7885465,0,N
LP002802,Male,No,0,Graduate,No,2875,2416,95.0,6.0,0.0,Semiurban,5291,N,15.833333333333334,8.573951525234847,4.564348191467836,0.3283774,0,N
LP002803,Male,Yes,1,Not Graduate,,2600,618,122.0,360.0,1.0,Semiurban,3218,Y,0.3388888888888889,8.076826031298808,4.812184355372417,0.80244637,0,N
LP002805,Male,Yes,2,Graduate,No,5041,700,150.0,360.0,1.0,Urban,5741,Y,0.4166666666666667,8.655562860681009,5.017279836814924,0.650215,0,N
LP002806,Male,Yes,3,Graduate,Yes,6958,1411,150.0,360.0,1.0,Rural,8369,Y,0.4166666666666667,9.03240916348352,5.017279836814924,0.86653984,1,Y
LP002816,Male,Yes,1,Graduate,No,3500,1658,104.0,360.0,0.0,Semiurban,5158,N,0.2888888888888888,8.54849804124465,4.653960350157523,0.26073295,0,N
LP002823,Male,Yes,0,Graduate,No,5509,0,143.0,360.0,1.0,Rural,5509,Y,0.3972222222222222,8.61431990214696,4.969813299576001,0.86143816,1,Y
LP002825,Male,Yes,3,Graduate,No,9699,0,300.0,360.0,1.0,Urban,9699,Y,0.8333333333333334,9.179881164491476,5.707110264748875,0.7840746,0,N
LP002826,Female,Yes,1,Not Graduate,No,3621,2717,171.0,360.0,1.0,Urban,6338,Y,0.475,8.754476306284166,5.147494476813453,0.73734117,0,N
LP002843,Female,Yes,0,Graduate,No,4709,0,113.0,360.0,1.0,Semiurban,4709,Y,0.3138888888888889,8.457443187010464,4.736198448394496,0.61041254,0,N
LP002849,Male,Yes,0,Graduate,No,1516,1951,35.0,360.0,1.0,Semiurban,3467,Y,0.0972222222222222,8.151333337900432,3.58351893845611,0.74186194,0,N
LP002850,Male,No,2,Graduate,No,2400,0,46.0,360.0,1.0,Urban,2400,Y,0.1277777777777777,7.783640596221253,3.8501476017100575,0.831654,0,N
LP002853,Female,No,0,Not Graduate,No,3015,2000,145.0,360.0,0.0,Urban,5015,N,0.4027777777777778,8.520388082312756,4.983606621708336,0.15806344,0,N
LP002856,Male,Yes,0,Graduate,No,2292,1558,119.0,360.0,1.0,Urban,3850,Y,0.3305555555555555,8.25608813381491,4.787491742782046,0.67614657,0,N
LP002857,Male,Yes,1,Graduate,Yes,2360,3355,87.0,240.0,1.0,Rural,5715,Y,0.3625,8.651024539049757,4.477336814478207,0.7944688,0,N
LP002858,Female,No,0,Graduate,No,4333,2333,162.0,360.0,0.0,Rural,6666,N,0.45,8.80492526261806,5.093750200806762,0.5327962,0,N
LP002860,Male,Yes,0,Graduate,Yes,2623,4831,122.0,180.0,1.0,Semiurban,7454,Y,0.6777777777777778,8.916640227198839,4.812184355372417,0.7311809,0,N
LP002867,Male,No,0,Graduate,Yes,3972,4275,187.0,360.0,1.0,Rural,8247,Y,0.5194444444444445,9.017726025696795,5.236441962829949,0.7157897,0,N
LP002869,Male,Yes,3,Not Graduate,No,3522,0,81.0,180.0,1.0,Rural,3522,Y,0.45,8.167068178341237,4.406719247264253,0.81710154,0,N
LP002870,Male,Yes,1,Graduate,No,4700,0,80.0,360.0,1.0,Urban,4700,Y,0.2222222222222222,8.45553053102413,4.394449154672439,0.8766842,1,Y
LP002876,Male,No,0,Graduate,No,6858,0,176.0,360.0,1.0,Rural,6858,Y,0.4888888888888889,8.83331693749932,5.176149732573829,0.82676196,0,N
LP002878,Male,Yes,3,Graduate,No,8334,0,260.0,360.0,1.0,Urban,8334,Y,0.7222222222222222,9.028218795184896,5.564520407322694,0.7909784,0,N
LP002879,Male,Yes,0,Graduate,No,3391,1966,133.0,360.0,0.0,Rural,5357,N,0.3694444444444444,8.586346050104554,4.897839799950911,0.56098497,0,N
LP002885,Male,No,0,Not Graduate,No,2868,0,70.0,360.0,1.0,Urban,2868,Y,0.1944444444444444,7.961718815981363,4.262679877041316,0.81911874,0,N
LP002890,Male,Yes,2,Not Graduate,No,3418,1380,135.0,360.0,1.0,Urban,4798,Y,0.375,8.476162841858246,4.912654885736052,0.56726015,0,N
LP002891,Male,Yes,0,Graduate,Yes,2500,296,137.0,300.0,1.0,Rural,2796,Y,0.4566666666666666,7.936302693201959,4.927253685157205,0.8293904,0,N
LP002899,Male,Yes,2,Graduate,No,8667,0,254.0,360.0,1.0,Rural,8667,Y,0.7055555555555556,9.067393362656247,5.541263545158426,0.8811294,1,Y
LP002901,Male,No,0,Graduate,No,2283,15000,106.0,360.0,0.0,Rural,17283,N,0.2944444444444444,9.757536497051824,4.672828834461906,0.23993205,0,N
LP002907,Male,Yes,0,Graduate,No,5817,910,109.0,360.0,1.0,Urban,6727,Y,0.3027777777777777,8.814033201652784,4.700480365792417,0.7375789,0,N
LP002920,Male,Yes,0,Graduate,No,5119,3769,120.0,360.0,1.0,Rural,8888,Y,0.3333333333333333,9.092569836241674,4.795790545596741,0.8105242,0,N
LP002921,Male,Yes,3,Not Graduate,No,5316,187,158.0,180.0,0.0,Semiurban,5503,N,0.8777777777777778,8.61323037961318,5.068904202220232,0.312866,0,N
LP002932,Male,Yes,3,Graduate,No,7603,1213,197.0,360.0,1.0,Urban,8816,Y,0.5472222222222223,9.084436955087028,5.288267030694535,0.80134225,0,N
LP002935,Male,Yes,1,Graduate,No,3791,1936,85.0,360.0,1.0,Urban,5727,Y,0.2361111111111111,8.653121708640482,4.454347296253507,0.7056376,0,N
LP002952,Male,No,0,Graduate,No,2500,0,60.0,360.0,1.0,Urban,2500,Y,0.1666666666666666,7.824445930877619,4.110873864173311,0.82179344,0,N
LP002954,Male,Yes,2,Not Graduate,No,3132,0,76.0,360.0,0.0,Rural,3132,N,0.2111111111111111,8.049746290952191,4.343805421853684,0.5502467,0,N
LP002962,Male,No,0,Graduate,No,4000,2667,152.0,360.0,1.0,Semiurban,6667,Y,0.4222222222222222,8.805075243870684,5.030437921392435,0.4661125,0,N
LP002965,Female,Yes,0,Graduate,No,8550,4255,96.0,360.0,0.0,Urban,12805,N,0.2666666666666666,9.457669090078747,4.574710978503383,0.35873207,0,N
LP002969,Male,Yes,1,Graduate,No,2269,2167,99.0,360.0,1.0,Semiurban,4436,Y,0.275,8.39773375137891,4.605170185988092,0.33034962,0,N
LP002971,Male,Yes,3,Not Graduate,Yes,4009,1777,113.0,360.0,1.0,Urban,5786,Y,0.3138888888888889,8.663369301573839,4.736198448394496,0.7984912,0,N
LP002975,Male,Yes,0,Graduate,No,4158,709,115.0,360.0,1.0,Urban,4867,Y,0.3194444444444444,8.490438454107418,4.7535901911063645,0.5631907,0,N
LP002980,Male,No,0,Graduate,No,3250,1993,126.0,360.0,0.0,Semiurban,5243,N,0.35,8.56483984488359,4.844187086458591,0.30157793,0,N
LP002986,Male,Yes,0,Graduate,No,5000,2393,158.0,360.0,1.0,Rural,7393,Y,0.4388888888888889,8.908424139496578,5.068904202220232,0.8698298,1,Y
LP002989,Male,No,0,Graduate,Yes,9200,0,98.0,180.0,1.0,Rural,9200,Y,0.5444444444444444,9.12706745278236,4.59511985013459,0.8255312,0,N
